step,env_0,env_1,env_2,env_4,Mean reward
0,1.0,1.0,1.0,1.0,1.0
1,1.0,1.0,1.0,1.0,1.0
2,1.0,1.0,1.0,1.0,1.0
3,1.0,1.0,1.0,1.0,1.0
4,1.0,1.0,1.0,1.0,1.0
5,1.0,1.0,1.0,1.0,1.0
6,1.0,1.0,1.0,1.0,1.0
7,1.0,1.0,1.0,1.0,1.0
8,1.0,1.0,1.0,1.0,1.0
9,1.0,1.0,1.0,1.0,1.0
10,1.0,2.0,2.0,1.0,1.5
11,2.0,2.0,2.0,1.0,1.75
12,2.0,2.0,2.0,1.0,1.75
13,2.0,2.0,2.0,1.0,1.75
14,2.0,2.0,2.0,2.0,2.0
15,2.0,2.0,2.0,2.0,2.0
16,2.0,2.0,2.0,2.0,2.0
17,2.0,2.0,2.0,2.0,2.0
18,2.0,2.0,2.0,2.0,2.0
19,2.0,2.0,2.0,2.0,2.0
20,2.0,2.0,2.0,2.0,2.0
21,2.0,2.0,2.0,2.0,2.0
22,2.0,2.0,2.0,2.0,2.0
23,2.0,2.0,2.0,2.0,2.0
24,2.0,2.0,2.0,2.0,2.0
25,2.0,2.0,2.0,2.0,2.0
26,2.0,2.0,2.0,2.0,2.0
27,2.0,2.0,2.0,2.0,2.0
28,2.0,2.0,2.0,2.0,2.0
29,2.0,2.0,2.0,2.0,2.0
30,2.0,2.0,2.0,2.0,2.0
31,2.0,2.0,2.0,2.0,2.0
32,2.0,2.0,2.0,2.0,2.0
33,2.0,2.0,2.0,2.0,2.0
34,2.0,2.0,2.0,2.0,2.0
35,2.0,2.0,2.0,2.0,2.0
36,2.0,2.0,2.0,2.0,2.0
37,2.0,2.0,2.0,2.0,2.0
38,2.0,2.0,2.0,2.0,2.0
39,2.0,2.0,2.0,2.0,2.0
40,2.0,2.0,2.0,2.0,2.0
41,3.0,2.0,2.0,2.0,2.25
42,3.0,2.0,2.0,2.0,2.25
43,3.0,3.0,2.0,2.0,2.5
44,3.0,3.0,2.0,2.0,2.5
45,3.0,3.0,2.0,2.0,2.5
46,3.0,3.0,2.0,2.0,2.5
47,3.0,3.0,3.0,2.0,2.75
48,3.0,3.0,3.0,2.0,2.75
49,3.0,3.0,3.0,3.0,3.0
50,3.0,4.0,4.0,4.0,3.75
51,4.0,4.0,4.0,4.0,4.0
52,4.0,4.0,4.0,4.0,4.0
53,4.0,4.0,4.0,4.0,4.0
54,4.0,4.0,4.0,4.0,4.0
55,4.0,4.0,4.0,4.0,4.0
56,4.0,4.0,4.0,4.0,4.0
57,4.0,4.0,4.0,4.0,4.0
58,4.0,4.0,4.0,4.0,4.0
59,4.0,4.0,4.0,4.0,4.0
60,4.0,4.0,4.0,5.0,4.25
61,5.0,5.0,5.0,5.0,5.0
62,5.0,5.0,5.0,5.0,5.0
63,5.0,5.0,5.0,5.0,5.0
64,5.0,6.0,5.0,5.0,5.25
65,5.0,6.0,5.0,5.0,5.25
66,5.0,6.0,5.0,5.0,5.25
67,5.0,6.0,6.0,5.0,5.5
68,5.0,6.0,6.0,5.0,5.5
69,5.0,6.0,6.0,6.0,5.75
70,5.0,6.0,6.0,6.0,5.75
71,5.0,6.0,6.0,6.0,5.75
72,5.0,6.0,6.0,6.0,5.75
73,5.0,6.0,6.0,6.0,5.75
74,5.0,6.0,6.0,6.0,5.75
75,5.0,6.0,6.0,6.0,5.75
76,5.0,6.0,6.0,6.0,5.75
77,5.0,6.0,6.0,6.0,5.75
78,5.0,6.0,6.0,6.0,5.75
79,5.0,6.0,6.0,6.0,5.75
80,5.0,6.0,6.0,6.0,5.75
81,5.0,6.0,6.0,6.0,5.75
82,5.0,6.0,6.0,6.0,5.75
83,5.0,6.0,6.0,6.0,5.75
84,5.0,6.0,6.0,6.0,5.75
85,5.0,6.0,6.0,6.0,5.75
86,5.0,6.0,6.0,6.0,5.75
87,5.0,6.0,6.0,6.0,5.75
88,5.0,6.0,6.0,6.0,5.75
89,5.0,6.0,6.0,6.0,5.75
90,5.0,6.0,6.0,7.0,6.0
91,5.0,6.0,6.0,7.0,6.0
92,5.0,6.0,7.0,7.0,6.25
93,5.0,7.0,7.0,7.0,6.5
94,5.0,8.0,7.0,7.0,6.75
95,5.0,8.0,7.0,7.0,6.75
96,6.0,8.0,7.0,7.0,7.0
97,6.0,8.0,7.0,7.0,7.0
98,6.0,8.0,7.0,7.0,7.0
99,6.0,8.0,8.0,7.0,7.25
100,6.0,9.0,9.0,7.0,7.75
101,7.0,9.0,9.0,8.0,8.25
102,7.0,9.0,9.0,8.0,8.25
103,7.0,9.0,9.0,8.0,8.25
104,7.0,9.0,9.0,8.0,8.25
105,7.0,9.0,9.0,8.0,8.25
106,7.0,9.0,9.0,8.0,8.25
107,7.0,9.0,9.0,8.0,8.25
108,7.0,9.0,9.0,8.0,8.25
109,7.0,9.0,9.0,8.0,8.25
110,7.0,9.0,9.0,9.0,8.5
111,7.0,9.0,9.0,9.0,8.5
112,7.0,9.0,9.0,9.0,8.5
113,7.0,9.2,9.0,9.0,8.55
114,7.0,10.2,9.2,9.0,8.85
115,7.0,10.2,10.2,9.0,9.1
116,8.0,11.2,10.2,9.0,9.6
117,8.0,11.2,10.2,9.0,9.6
118,8.0,11.2,10.2,9.0,9.6
119,8.0,11.2,10.2,9.0,9.6
120,8.0,11.2,11.2,9.0,9.85
121,8.0,11.2,11.2,9.0,9.85
122,8.0,11.2,11.2,9.0,9.85
123,8.0,11.2,11.2,9.0,9.85
124,8.0,11.2,11.2,9.0,9.85
125,8.0,11.2,11.2,9.0,9.85
126,8.0,11.2,11.2,9.0,9.85
127,8.0,11.2,11.2,9.0,9.85
128,8.0,11.2,11.2,9.0,9.85
129,8.0,11.2,11.2,9.0,9.85
130,8.0,11.2,11.2,9.0,9.85
131,8.0,11.2,11.2,9.0,9.85
132,8.0,11.2,11.2,9.0,9.85
133,8.0,11.2,11.2,9.0,9.85
134,8.0,11.2,11.2,9.0,9.85
135,8.0,11.2,11.2,9.0,9.85
136,8.0,11.2,11.2,9.0,9.85
137,8.0,11.2,11.2,9.0,9.85
138,8.0,11.2,11.2,9.0,9.85
139,8.0,11.2,11.2,9.0,9.85
140,8.0,11.2,11.2,10.0,10.1
141,8.0,11.2,11.2,10.0,10.1
142,8.0,11.2,11.2,10.0,10.1
143,8.0,11.2,11.2,10.0,10.1
144,8.0,12.2,11.2,10.0,10.35
145,8.0,12.2,12.2,10.0,10.6
146,8.0,12.2,12.2,10.0,10.6
147,8.0,12.2,12.2,10.0,10.6
148,9.0,12.2,12.2,10.0,10.85
149,9.0,12.2,12.2,10.0,10.85
150,9.0,12.2,12.2,10.0,10.85
151,10.0,12.2,12.2,11.0,11.35
152,10.0,12.2,12.2,11.0,11.35
153,10.0,12.2,12.2,11.0,11.35
154,10.0,13.2,12.2,11.0,11.6
155,11.0,13.2,13.2,11.0,12.1
156,12.0,13.2,13.2,11.0,12.35
157,12.0,13.2,13.2,11.0,12.35
158,12.0,13.2,13.2,11.0,12.35
159,12.0,13.2,13.2,11.0,12.35
160,12.0,13.2,13.2,11.0,12.35
161,12.0,13.2,13.2,11.0,12.35
162,12.0,13.2,13.2,12.0,12.6
163,13.0,13.2,14.2,12.0,13.1
164,13.0,13.2,14.2,12.0,13.1
165,13.0,14.2,15.2,12.0,13.6
166,13.0,15.2,15.2,12.0,13.85
167,13.0,15.2,15.399999999999999,12.0,13.899999999999999
168,14.0,15.2,15.399999999999999,12.0,14.149999999999999
169,14.0,15.2,15.399999999999999,12.0,14.149999999999999
170,14.0,15.2,15.399999999999999,12.0,14.149999999999999
171,14.0,15.2,15.399999999999999,12.0,14.149999999999999
172,14.0,15.2,15.399999999999999,12.0,14.149999999999999
173,14.0,15.2,15.399999999999999,12.0,14.149999999999999
174,14.0,15.2,15.399999999999999,12.0,14.149999999999999
175,14.0,15.2,15.399999999999999,12.0,14.149999999999999
176,14.0,15.2,15.399999999999999,12.0,14.149999999999999
177,14.0,15.2,15.399999999999999,12.0,14.149999999999999
178,14.0,15.2,15.399999999999999,12.0,14.149999999999999
179,14.0,15.2,15.399999999999999,12.0,14.149999999999999
180,14.0,15.2,16.4,12.0,14.399999999999999
181,15.0,15.2,16.4,12.0,14.649999999999999
182,15.0,15.2,16.4,12.0,14.649999999999999
183,15.0,15.2,16.4,12.0,14.649999999999999
184,15.0,16.2,16.4,12.0,14.899999999999999
185,15.0,16.2,16.4,12.0,14.899999999999999
186,15.0,16.2,16.4,12.0,14.899999999999999
187,15.0,16.2,16.4,13.0,15.149999999999999
188,15.0,16.2,16.4,13.0,15.149999999999999
189,15.0,16.2,16.4,13.0,15.149999999999999
190,15.0,16.2,16.4,13.0,15.149999999999999
191,15.0,16.2,16.4,13.0,15.149999999999999
192,15.0,16.2,16.4,14.0,15.399999999999999
193,15.0,16.2,16.4,14.0,15.399999999999999
194,16.0,16.2,16.4,14.0,15.65
195,16.0,16.2,16.4,14.0,15.65
196,16.0,16.2,16.4,14.0,15.65
197,16.0,16.2,17.4,14.0,15.9
198,16.0,16.2,17.4,14.0,15.9
199,16.0,16.2,17.4,14.0,15.9
200,16.0,16.2,17.4,14.0,15.9
201,17.0,16.2,17.4,15.0,16.4
202,17.0,16.2,17.4,15.0,16.4
203,17.0,16.2,17.4,15.0,16.4
204,17.0,16.2,17.4,15.0,16.4
205,18.0,17.2,17.4,15.0,16.9
206,18.0,17.2,17.4,15.0,16.9
207,18.0,17.2,17.4,15.0,16.9
208,18.0,17.2,18.4,15.0,17.15
209,18.0,17.2,18.4,15.0,17.15
210,18.0,17.2,18.4,15.0,17.15
211,18.0,17.2,18.4,16.0,17.4
212,18.0,17.2,18.4,16.0,17.4
213,18.0,17.2,18.4,16.0,17.4
214,19.0,17.2,18.4,16.0,17.65
215,19.0,20.2,18.4,16.0,18.4
216,19.0,20.2,18.4,16.0,18.4
217,19.0,20.2,19.4,17.0,18.9
218,19.0,20.2,19.4,17.0,18.9
219,19.0,20.2,20.4,17.0,19.15
220,19.0,20.2,20.4,17.0,19.15
221,19.0,20.2,20.4,17.0,19.15
222,19.0,20.2,20.4,17.0,19.15
223,19.0,20.2,20.4,17.0,19.15
224,19.0,20.2,20.4,17.0,19.15
225,20.0,20.2,20.4,17.0,19.4
226,20.0,20.2,20.4,17.0,19.4
227,20.0,20.2,20.4,17.0,19.4
228,20.0,20.2,20.4,17.0,19.4
229,20.0,20.2,20.4,17.0,19.4
230,20.0,20.2,20.4,18.0,19.65
231,20.0,20.2,20.4,18.0,19.65
232,20.0,20.2,20.4,18.0,19.65
233,20.0,20.2,20.4,18.0,19.65
234,20.2,20.2,20.4,18.0,19.7
235,21.2,21.2,20.4,18.0,20.2
236,21.2,21.2,20.4,18.0,20.2
237,21.2,21.2,20.4,18.0,20.2
238,21.2,21.2,20.4,18.0,20.2
239,21.2,21.2,20.4,18.0,20.2
240,21.2,21.2,20.4,18.0,20.2
241,21.2,21.2,20.4,18.0,20.2
242,21.2,21.2,20.4,18.0,20.2
243,21.2,21.2,20.4,18.0,20.2
244,21.2,21.2,20.4,18.0,20.2
245,21.2,22.2,20.4,18.0,20.45
246,21.2,22.2,20.4,18.0,20.45
247,21.2,22.2,20.4,18.0,20.45
248,21.2,22.2,20.4,18.0,20.45
249,21.2,22.2,21.4,19.0,20.95
250,21.2,22.2,21.4,20.0,21.2
251,21.2,22.2,21.4,21.0,21.45
252,21.2,22.2,21.4,21.0,21.45
253,21.2,22.2,21.4,21.0,21.45
254,21.2,22.2,21.4,21.0,21.45
255,21.2,22.2,21.4,21.0,21.45
256,21.2,22.2,21.4,21.0,21.45
257,21.2,22.2,21.4,21.0,21.45
258,21.2,22.2,22.4,21.0,21.7
259,21.2,22.2,23.4,21.0,21.95
260,21.2,22.2,23.4,21.0,21.95
261,21.2,22.2,23.4,22.0,22.2
262,21.2,22.2,23.4,22.0,22.2
263,21.2,22.2,23.4,22.0,22.2
264,21.2,22.2,23.4,22.0,22.2
265,21.2,23.2,23.4,22.0,22.45
266,21.2,23.2,23.4,22.0,22.45
267,21.2,23.2,23.4,22.0,22.45
268,21.2,23.2,23.4,22.0,22.45
269,21.2,23.2,24.4,22.0,22.7
270,21.2,23.2,24.4,22.0,22.7
271,21.2,23.2,24.4,22.0,22.7
272,21.2,23.2,24.4,22.0,22.7
273,21.2,23.2,24.4,22.0,22.7
274,21.2,23.2,24.4,22.0,22.7
275,21.2,24.2,24.4,22.0,22.95
276,21.2,24.2,24.4,22.0,22.95
277,21.2,24.2,24.4,22.0,22.95
278,21.2,26.2,24.4,22.0,23.45
279,21.2,26.2,24.4,22.0,23.45
280,21.2,26.2,24.4,22.0,23.45
281,21.2,26.2,25.4,22.0,23.7
282,21.2,26.2,25.4,22.0,23.7
283,21.2,26.2,25.4,22.0,23.7
284,21.2,26.2,25.4,22.0,23.7
285,21.2,26.2,25.4,22.0,23.7
286,21.2,26.2,25.4,22.0,23.7
287,21.2,26.2,25.4,22.0,23.7
288,21.2,26.2,25.4,22.0,23.7
289,21.2,26.2,25.4,22.0,23.7
290,22.2,26.2,26.4,22.0,24.2
291,22.2,26.2,26.4,23.0,24.45
292,22.2,26.2,26.4,23.0,24.45
293,22.2,26.2,26.4,23.0,24.45
294,22.2,26.2,26.4,23.0,24.45
295,22.2,27.2,26.4,24.0,24.95
296,22.2,27.2,26.4,24.0,24.95
297,22.2,27.2,26.4,24.0,24.95
298,22.2,27.2,26.4,24.0,24.95
299,22.2,27.2,26.4,24.0,24.95
300,22.2,27.2,26.4,24.0,24.95
301,22.2,27.2,27.4,25.0,25.45
302,22.2,27.2,27.4,26.0,25.7
303,22.2,27.2,27.4,26.0,25.7
304,22.2,27.2,27.4,26.0,25.7
305,22.2,27.2,27.4,26.0,25.7
306,22.2,27.2,27.4,27.0,25.95
307,22.2,27.2,27.4,27.2,26.0
308,22.2,27.2,27.4,27.2,26.0
309,22.2,27.2,28.4,27.2,26.25
310,22.2,27.2,28.4,27.2,26.25
311,22.2,27.2,28.4,27.2,26.25
312,22.2,27.2,28.4,28.2,26.5
313,22.2,31.2,28.4,28.2,27.5
314,22.2,31.2,28.4,28.2,27.5
315,22.2,31.2,28.4,29.2,27.75
316,22.2,31.2,28.4,29.2,27.75
317,22.2,31.2,28.4,29.2,27.75
318,22.2,31.2,28.4,29.2,27.75
319,22.2,31.2,29.4,29.2,28.0
320,22.2,32.2,29.4,29.2,28.250000000000004
321,22.2,32.2,29.4,29.2,28.250000000000004
322,22.2,32.2,30.4,29.2,28.500000000000004
323,22.2,32.2,30.4,29.2,28.500000000000004
324,22.2,32.2,30.4,29.2,28.500000000000004
325,22.2,32.2,30.4,29.2,28.500000000000004
326,22.2,32.2,30.4,29.2,28.500000000000004
327,22.2,32.2,30.4,29.2,28.500000000000004
328,22.2,32.2,30.4,29.2,28.500000000000004
329,22.2,32.2,30.4,29.2,28.500000000000004
330,22.2,34.2,30.4,29.2,29.000000000000004
331,22.2,34.2,30.4,29.2,29.000000000000004
332,22.2,34.2,30.4,29.2,29.000000000000004
333,22.2,34.2,30.4,29.2,29.000000000000004
334,22.2,34.2,30.4,29.2,29.000000000000004
335,22.2,34.2,30.4,29.2,29.000000000000004
336,22.2,34.2,30.4,29.2,29.000000000000004
337,22.2,34.2,30.4,29.2,29.000000000000004
338,22.2,34.2,30.4,29.2,29.000000000000004
339,22.2,34.2,30.4,29.2,29.000000000000004
340,22.2,35.2,30.4,29.2,29.250000000000004
341,22.2,35.2,30.4,29.2,29.250000000000004
342,22.2,35.2,30.4,30.2,29.500000000000004
343,22.2,35.2,30.4,30.2,29.500000000000004
344,22.2,35.2,30.4,30.2,29.500000000000004
345,22.2,35.2,30.4,30.2,29.500000000000004
346,22.2,35.2,30.4,30.2,29.500000000000004
347,22.2,35.2,30.4,30.2,29.500000000000004
348,22.2,35.2,30.4,30.2,29.500000000000004
349,22.2,35.2,30.4,30.2,29.500000000000004
350,22.2,36.2,30.4,30.2,29.750000000000004
351,22.2,36.2,30.4,30.2,29.750000000000004
352,22.2,36.2,30.4,30.2,29.750000000000004
353,22.2,36.2,30.4,30.2,29.750000000000004
354,22.2,36.2,30.4,30.2,29.750000000000004
355,22.2,36.2,30.4,30.2,29.750000000000004
356,22.2,36.2,30.4,32.2,30.250000000000004
357,22.2,36.2,30.4,32.2,30.250000000000004
358,22.2,36.2,30.4,32.2,30.250000000000004
359,22.2,36.2,30.4,32.2,30.250000000000004
360,22.2,36.2,30.4,32.2,30.250000000000004
361,22.2,36.2,30.4,32.2,30.250000000000004
362,22.2,36.2,30.4,33.2,30.500000000000004
363,22.2,36.2,30.4,33.2,30.500000000000004
364,22.2,36.2,30.4,33.2,30.500000000000004
365,22.2,36.2,30.4,33.2,30.500000000000004
366,22.2,36.2,30.4,33.2,30.500000000000004
367,22.2,36.2,30.4,33.2,30.500000000000004
368,22.2,36.2,30.4,33.2,30.500000000000004
369,22.2,36.2,30.4,33.2,30.500000000000004
370,22.2,37.2,31.4,33.2,31.000000000000004
371,22.2,37.2,31.4,33.400000000000006,31.050000000000004
372,22.2,37.2,31.4,33.400000000000006,31.050000000000004
373,22.2,37.2,31.4,33.400000000000006,31.050000000000004
374,22.2,37.2,31.4,33.400000000000006,31.050000000000004
375,22.2,37.2,31.4,33.400000000000006,31.050000000000004
376,22.2,37.2,31.4,33.400000000000006,31.050000000000004
377,22.2,37.2,31.4,33.400000000000006,31.050000000000004
378,22.2,37.2,31.4,33.400000000000006,31.050000000000004
379,22.2,37.2,31.4,33.400000000000006,31.050000000000004
380,22.2,39.2,31.4,33.400000000000006,31.550000000000004
381,22.2,39.2,31.4,33.400000000000006,31.550000000000004
382,22.2,39.2,31.4,33.400000000000006,31.550000000000004
383,22.2,39.2,31.4,33.400000000000006,31.550000000000004
384,22.2,39.2,31.4,33.400000000000006,31.550000000000004
385,22.2,39.2,31.4,33.400000000000006,31.550000000000004
386,22.2,39.2,31.4,33.400000000000006,31.550000000000004
387,22.2,40.2,31.4,33.400000000000006,31.800000000000004
388,22.2,40.2,31.4,33.400000000000006,31.800000000000004
389,22.2,40.2,31.4,33.400000000000006,31.800000000000004
390,22.2,40.2,31.4,33.400000000000006,31.800000000000004
391,22.2,40.2,31.4,33.400000000000006,31.800000000000004
392,22.2,40.2,31.4,34.400000000000006,32.050000000000004
393,22.2,40.2,31.4,34.400000000000006,32.050000000000004
394,22.2,40.2,31.4,34.400000000000006,32.050000000000004
395,22.2,40.2,31.4,34.400000000000006,32.050000000000004
396,22.2,40.2,31.4,34.400000000000006,32.050000000000004
397,22.2,40.2,31.4,34.400000000000006,32.050000000000004
398,22.2,40.2,31.4,34.400000000000006,32.050000000000004
399,22.2,40.2,31.4,34.60000000000001,32.10000000000001
400,22.2,41.2,31.4,34.60000000000001,32.35000000000001
401,22.2,41.2,31.4,34.60000000000001,32.35000000000001
402,22.2,41.2,31.4,34.60000000000001,32.35000000000001
403,22.2,41.2,31.4,34.60000000000001,32.35000000000001
404,22.2,41.2,31.4,34.60000000000001,32.35000000000001
405,22.2,41.2,31.4,35.60000000000001,32.60000000000001
406,22.2,41.2,31.4,35.60000000000001,32.60000000000001
407,22.2,41.2,31.4,35.60000000000001,32.60000000000001
408,22.2,41.2,31.4,35.60000000000001,32.60000000000001
409,22.2,41.2,31.4,36.60000000000001,32.85000000000001
410,22.2,41.2,31.4,36.60000000000001,32.85000000000001
411,22.2,41.2,31.4,36.60000000000001,32.85000000000001
412,22.2,41.2,31.4,37.60000000000001,33.10000000000001
413,22.2,42.2,31.4,37.60000000000001,33.35000000000001
414,22.2,42.2,31.4,37.60000000000001,33.35000000000001
415,22.2,42.2,32.4,37.60000000000001,33.60000000000001
416,22.2,42.2,32.4,37.60000000000001,33.60000000000001
417,22.2,42.2,32.4,37.60000000000001,33.60000000000001
418,22.2,43.2,32.4,37.60000000000001,33.85000000000001
419,22.2,43.2,32.4,37.60000000000001,33.85000000000001
420,22.2,44.2,32.4,37.60000000000001,34.10000000000001
421,22.2,44.2,32.4,38.60000000000001,34.35000000000001
422,22.2,44.2,32.4,38.60000000000001,34.35000000000001
423,22.2,45.2,32.4,38.60000000000001,34.60000000000001
424,22.2,45.2,32.4,38.60000000000001,34.60000000000001
425,22.2,45.2,32.4,38.60000000000001,34.60000000000001
426,22.2,45.2,32.4,38.60000000000001,34.60000000000001
427,22.2,45.2,32.4,38.60000000000001,34.60000000000001
428,22.2,45.2,32.4,38.60000000000001,34.60000000000001
429,22.2,45.2,32.4,38.60000000000001,34.60000000000001
430,23.2,46.2,32.4,38.60000000000001,35.10000000000001
431,23.2,46.2,32.4,38.60000000000001,35.10000000000001
432,23.2,46.2,32.4,38.60000000000001,35.10000000000001
433,23.2,46.2,32.4,38.60000000000001,35.10000000000001
434,23.2,46.2,32.4,38.60000000000001,35.10000000000001
435,23.2,46.2,32.4,38.60000000000001,35.10000000000001
436,23.2,46.2,32.4,38.60000000000001,35.10000000000001
437,23.2,46.2,32.4,38.60000000000001,35.10000000000001
438,23.2,47.2,32.4,38.60000000000001,35.35000000000001
439,23.2,47.2,32.4,38.60000000000001,35.35000000000001
440,23.2,47.2,32.4,38.60000000000001,35.35000000000001
441,23.2,47.2,32.4,38.60000000000001,35.35000000000001
442,23.2,47.2,32.4,38.60000000000001,35.35000000000001
443,23.2,47.2,32.4,38.60000000000001,35.35000000000001
444,23.2,47.2,32.4,38.60000000000001,35.35000000000001
445,23.2,47.2,32.4,38.60000000000001,35.35000000000001
446,23.2,47.2,32.4,38.60000000000001,35.35000000000001
447,23.2,47.2,32.4,38.60000000000001,35.35000000000001
448,23.2,47.2,32.4,38.60000000000001,35.35000000000001
449,23.2,47.2,32.4,38.60000000000001,35.35000000000001
450,23.2,47.2,32.4,38.60000000000001,35.35000000000001
451,23.2,47.2,32.4,39.60000000000001,35.60000000000001
452,23.2,48.2,32.4,39.60000000000001,35.85000000000001
453,23.2,48.2,32.4,40.60000000000001,36.10000000000001
454,23.2,48.2,32.4,40.60000000000001,36.10000000000001
455,23.2,48.2,32.4,40.60000000000001,36.10000000000001
456,23.2,48.2,32.4,40.60000000000001,36.10000000000001
457,23.2,48.2,32.4,40.60000000000001,36.10000000000001
458,23.2,49.2,32.4,40.60000000000001,36.35000000000001
459,23.2,49.2,32.4,40.60000000000001,36.35000000000001
460,23.2,49.2,32.4,40.60000000000001,36.35000000000001
461,23.2,49.2,32.4,40.60000000000001,36.35000000000001
462,23.2,49.2,32.4,40.60000000000001,36.35000000000001
463,23.2,53.2,32.4,40.60000000000001,37.35000000000001
464,23.2,53.2,32.4,40.60000000000001,37.35000000000001
465,23.2,53.2,32.4,40.60000000000001,37.35000000000001
466,23.2,53.2,32.4,40.60000000000001,37.35000000000001
467,23.2,53.2,32.4,40.60000000000001,37.35000000000001
468,23.2,53.2,32.4,40.60000000000001,37.35000000000001
469,23.2,53.2,32.4,40.60000000000001,37.35000000000001
470,23.2,54.2,32.4,40.60000000000001,37.60000000000001
471,23.2,54.2,32.4,40.60000000000001,37.60000000000001
472,23.2,55.2,32.4,40.60000000000001,37.85000000000001
473,23.2,55.2,32.4,43.60000000000001,38.60000000000001
474,23.2,55.2,32.4,43.60000000000001,38.60000000000001
475,23.2,55.2,32.4,43.60000000000001,38.60000000000001
476,23.2,55.2,32.4,43.60000000000001,38.60000000000001
477,23.2,55.2,32.4,43.60000000000001,38.60000000000001
478,23.2,55.2,32.4,43.60000000000001,38.60000000000001
479,23.2,55.2,32.4,43.60000000000001,38.60000000000001
480,23.2,55.2,32.4,43.60000000000001,38.60000000000001
481,23.2,55.2,32.4,43.60000000000001,38.60000000000001
482,23.2,55.2,32.4,43.60000000000001,38.60000000000001
483,23.2,55.2,32.4,43.60000000000001,38.60000000000001
484,23.2,55.2,32.4,43.60000000000001,38.60000000000001
485,23.2,55.2,32.4,43.60000000000001,38.60000000000001
486,23.2,55.2,32.4,43.60000000000001,38.60000000000001
487,23.2,55.2,32.4,43.60000000000001,38.60000000000001
488,23.2,56.2,32.4,43.60000000000001,38.85000000000001
489,23.2,56.2,32.4,43.60000000000001,38.85000000000001
490,24.2,56.2,32.4,43.60000000000001,39.10000000000001
491,24.2,56.2,32.4,43.60000000000001,39.10000000000001
492,24.2,56.2,32.4,43.60000000000001,39.10000000000001
493,24.2,56.2,32.4,43.60000000000001,39.10000000000001
494,14.2,56.2,22.4,43.60000000000001,34.10000000000001
495,14.2,56.2,22.4,43.60000000000001,34.10000000000001
496,14.2,56.2,22.4,43.60000000000001,34.10000000000001
497,14.2,56.2,22.4,43.60000000000001,34.10000000000001
498,14.2,56.2,22.4,43.60000000000001,34.10000000000001
499,14.2,56.2,22.4,43.60000000000001,34.10000000000001
500,14.2,56.2,22.4,43.60000000000001,34.10000000000001
501,14.2,56.2,22.4,43.60000000000001,34.10000000000001
502,14.2,58.2,22.4,43.60000000000001,34.60000000000001
503,14.2,58.2,22.4,43.60000000000001,34.60000000000001
504,14.2,58.2,22.4,44.60000000000001,34.85000000000001
505,14.2,58.2,22.4,44.60000000000001,34.85000000000001
506,14.2,58.2,22.4,44.60000000000001,34.85000000000001
507,14.2,58.2,22.4,44.60000000000001,34.85000000000001
508,14.2,59.2,22.4,44.60000000000001,35.10000000000001
509,14.2,59.2,22.4,44.60000000000001,35.10000000000001
510,14.2,59.2,22.4,44.60000000000001,35.10000000000001
511,14.2,59.2,22.4,44.60000000000001,35.10000000000001
512,14.2,59.2,22.4,44.60000000000001,35.10000000000001
513,14.2,59.2,22.4,44.60000000000001,35.10000000000001
514,14.2,59.2,22.4,45.60000000000001,35.35000000000001
515,14.2,59.2,22.4,45.60000000000001,35.35000000000001
516,14.2,59.2,22.4,45.60000000000001,35.35000000000001
517,14.2,59.2,22.4,45.60000000000001,35.35000000000001
518,14.2,59.2,22.4,45.60000000000001,35.35000000000001
519,14.2,59.2,22.4,45.60000000000001,35.35000000000001
520,14.2,59.2,22.4,45.60000000000001,35.35000000000001
521,14.2,59.2,22.4,45.60000000000001,35.35000000000001
522,14.2,59.2,22.4,45.60000000000001,35.35000000000001
523,14.2,59.2,22.4,45.60000000000001,35.35000000000001
524,14.2,60.2,22.4,46.60000000000001,35.85000000000001
525,14.2,60.2,22.4,46.60000000000001,35.85000000000001
526,14.2,60.2,22.4,46.60000000000001,35.85000000000001
527,14.2,60.2,22.4,46.60000000000001,35.85000000000001
528,14.2,60.2,22.4,46.60000000000001,35.85000000000001
529,14.2,60.2,22.4,46.60000000000001,35.85000000000001
530,14.2,61.2,22.4,46.60000000000001,36.10000000000001
531,14.2,61.2,22.4,46.60000000000001,36.10000000000001
532,14.2,61.2,22.4,46.60000000000001,36.10000000000001
533,14.2,61.2,22.4,46.60000000000001,36.10000000000001
534,14.2,61.2,22.4,47.60000000000001,36.35000000000001
535,14.2,61.2,22.4,47.60000000000001,36.35000000000001
536,14.2,61.2,22.4,47.60000000000001,36.35000000000001
537,14.2,61.2,22.4,48.60000000000001,36.60000000000001
538,14.2,62.2,22.4,48.60000000000001,36.85000000000001
539,14.2,62.2,22.4,48.60000000000001,36.85000000000001
540,14.2,62.2,22.4,48.60000000000001,36.85000000000001
541,14.2,62.2,22.4,49.60000000000001,37.10000000000001
542,14.2,62.2,22.4,49.60000000000001,37.10000000000001
543,14.2,62.2,22.4,49.60000000000001,37.10000000000001
544,14.2,62.2,22.4,49.60000000000001,37.10000000000001
545,14.2,62.2,22.4,49.60000000000001,37.10000000000001
546,14.2,62.2,22.4,49.60000000000001,37.10000000000001
547,14.2,62.2,22.4,49.60000000000001,37.10000000000001
548,14.2,62.2,22.4,49.60000000000001,37.10000000000001
549,14.2,62.2,22.4,49.60000000000001,37.10000000000001
550,14.2,63.2,22.4,49.60000000000001,37.35000000000001
551,14.2,63.2,22.4,49.60000000000001,37.35000000000001
552,14.2,63.2,22.4,49.60000000000001,37.35000000000001
553,14.2,63.2,22.4,49.60000000000001,37.35000000000001
554,14.2,64.2,22.4,49.60000000000001,37.60000000000001
555,14.2,64.2,22.4,50.60000000000001,37.85000000000001
556,14.2,64.2,22.4,50.60000000000001,37.85000000000001
557,14.2,64.2,22.4,50.60000000000001,37.85000000000001
558,14.2,64.2,22.4,50.60000000000001,37.85000000000001
559,14.2,66.2,22.4,50.60000000000001,38.35000000000001
560,14.2,66.2,22.4,50.60000000000001,38.35000000000001
561,14.2,66.2,22.4,50.60000000000001,38.35000000000001
562,14.2,66.2,22.4,50.60000000000001,38.35000000000001
563,14.2,66.2,22.4,50.60000000000001,38.35000000000001
564,14.2,70.2,22.4,50.60000000000001,39.35000000000001
565,14.2,70.2,22.4,50.60000000000001,39.35000000000001
566,14.2,70.2,22.4,50.60000000000001,39.35000000000001
567,14.2,70.2,22.4,50.60000000000001,39.35000000000001
568,14.2,70.2,22.4,50.60000000000001,39.35000000000001
569,14.2,70.2,22.4,50.60000000000001,39.35000000000001
570,14.2,70.2,22.4,50.60000000000001,39.35000000000001
571,14.2,70.2,22.4,50.60000000000001,39.35000000000001
572,14.2,70.2,22.4,50.60000000000001,39.35000000000001
573,14.2,70.2,22.4,50.60000000000001,39.35000000000001
574,14.2,71.2,22.4,50.60000000000001,39.60000000000001
575,14.2,71.2,22.4,50.60000000000001,39.60000000000001
576,14.2,71.2,22.4,50.60000000000001,39.60000000000001
577,14.2,71.2,22.4,50.60000000000001,39.60000000000001
578,14.2,71.2,22.4,50.60000000000001,39.60000000000001
579,14.2,71.2,22.4,50.60000000000001,39.60000000000001
580,14.2,71.2,22.4,50.60000000000001,39.60000000000001
581,14.2,71.2,22.4,50.60000000000001,39.60000000000001
582,14.2,71.2,22.4,50.60000000000001,39.60000000000001
583,14.2,71.2,22.4,50.60000000000001,39.60000000000001
584,14.2,71.2,22.4,50.60000000000001,39.60000000000001
585,14.2,71.2,22.4,50.60000000000001,39.60000000000001
586,14.2,71.2,22.4,50.60000000000001,39.60000000000001
587,14.2,71.2,22.4,50.60000000000001,39.60000000000001
588,14.2,71.2,22.4,50.60000000000001,39.60000000000001
589,14.2,71.2,22.4,51.60000000000001,39.85000000000001
590,14.2,71.2,22.4,51.60000000000001,39.85000000000001
591,14.2,71.2,22.4,51.60000000000001,39.85000000000001
592,14.2,71.2,22.4,51.60000000000001,39.85000000000001
593,14.2,71.2,22.4,51.60000000000001,39.85000000000001
594,14.2,71.2,22.4,51.60000000000001,39.85000000000001
595,14.2,71.2,22.4,51.60000000000001,39.85000000000001
596,14.2,71.2,22.4,51.60000000000001,39.85000000000001
597,14.2,71.2,22.4,53.60000000000001,40.35000000000001
598,14.2,71.2,22.4,53.60000000000001,40.35000000000001
599,14.2,71.2,22.4,54.60000000000001,40.60000000000001
600,14.2,71.2,22.4,58.60000000000001,41.60000000000001
601,14.2,72.2,22.4,58.60000000000001,41.85000000000001
602,14.2,72.2,22.4,58.60000000000001,41.85000000000001
603,14.2,72.2,22.4,58.60000000000001,41.85000000000001
604,14.2,72.2,22.4,58.60000000000001,41.85000000000001
605,14.2,72.2,22.4,58.60000000000001,41.85000000000001
606,14.2,72.2,22.4,58.60000000000001,41.85000000000001
607,14.2,72.2,22.4,58.60000000000001,41.85000000000001
608,14.2,72.2,22.4,58.60000000000001,41.85000000000001
609,14.2,72.2,22.4,58.60000000000001,41.85000000000001
610,14.2,72.2,22.4,58.60000000000001,41.85000000000001
611,14.2,72.2,22.4,58.60000000000001,41.85000000000001
612,14.2,72.2,22.4,58.60000000000001,41.85000000000001
613,14.2,72.2,22.4,58.60000000000001,41.85000000000001
614,14.2,72.2,22.4,58.60000000000001,41.85000000000001
615,14.2,72.2,22.4,58.60000000000001,41.85000000000001
616,14.2,72.2,22.4,58.60000000000001,41.85000000000001
617,14.2,72.2,22.4,58.60000000000001,41.85000000000001
618,14.2,72.2,22.4,58.60000000000001,41.85000000000001
619,14.2,72.2,22.4,58.60000000000001,41.85000000000001
620,14.2,72.2,22.4,58.60000000000001,41.85000000000001
621,14.2,72.2,22.4,58.60000000000001,41.85000000000001
622,14.2,72.2,22.4,58.60000000000001,41.85000000000001
623,14.2,72.2,22.4,58.60000000000001,41.85000000000001
624,14.2,72.2,22.4,58.60000000000001,41.85000000000001
625,14.2,73.2,22.4,58.60000000000001,42.10000000000001
626,14.2,73.2,22.4,58.60000000000001,42.10000000000001
627,14.2,73.2,22.4,58.60000000000001,42.10000000000001
628,14.2,73.2,22.4,58.60000000000001,42.10000000000001
629,14.2,73.2,22.4,58.60000000000001,42.10000000000001
630,14.2,73.2,22.4,58.60000000000001,42.10000000000001
631,14.2,73.2,22.4,58.60000000000001,42.10000000000001
632,14.2,73.2,22.4,58.60000000000001,42.10000000000001
633,14.2,73.2,22.4,58.60000000000001,42.10000000000001
634,14.2,73.2,22.4,58.60000000000001,42.10000000000001
635,14.2,74.2,22.4,58.60000000000001,42.35000000000001
636,14.2,74.2,22.4,58.60000000000001,42.35000000000001
637,14.2,74.2,22.4,58.60000000000001,42.35000000000001
638,14.2,74.2,22.4,58.60000000000001,42.35000000000001
639,14.2,74.2,22.4,58.60000000000001,42.35000000000001
640,14.2,74.2,22.4,58.60000000000001,42.35000000000001
641,14.2,74.2,22.4,58.60000000000001,42.35000000000001
642,14.2,74.2,22.4,58.60000000000001,42.35000000000001
643,14.2,74.2,22.4,58.60000000000001,42.35000000000001
644,14.2,74.2,22.4,58.60000000000001,42.35000000000001
645,14.2,74.2,22.4,58.60000000000001,42.35000000000001
646,14.2,74.2,22.4,58.60000000000001,42.35000000000001
647,14.2,74.2,22.4,58.60000000000001,42.35000000000001
648,14.2,74.2,22.4,58.60000000000001,42.35000000000001
649,14.2,74.2,22.4,58.60000000000001,42.35000000000001
650,14.2,74.2,22.4,58.60000000000001,42.35000000000001
651,14.2,74.2,22.4,58.60000000000001,42.35000000000001
652,14.2,74.2,22.4,58.60000000000001,42.35000000000001
653,14.2,74.2,22.4,58.60000000000001,42.35000000000001
654,14.2,74.2,22.4,58.60000000000001,42.35000000000001
655,14.2,74.2,22.4,58.60000000000001,42.35000000000001
656,14.2,74.2,22.4,58.60000000000001,42.35000000000001
657,14.2,74.2,22.4,58.60000000000001,42.35000000000001
658,14.2,74.2,22.4,58.60000000000001,42.35000000000001
659,14.2,74.2,22.4,58.60000000000001,42.35000000000001
660,14.2,75.2,22.4,58.60000000000001,42.60000000000001
661,14.2,75.2,22.4,58.60000000000001,42.60000000000001
662,14.2,75.2,22.4,58.60000000000001,42.60000000000001
663,14.2,75.2,22.4,58.60000000000001,42.60000000000001
664,14.2,75.2,22.4,59.60000000000001,42.85000000000001
665,14.2,75.2,22.4,59.60000000000001,42.85000000000001
666,14.2,75.2,22.4,59.60000000000001,42.85000000000001
667,14.2,75.2,22.4,60.60000000000001,43.10000000000001
668,14.2,75.2,22.4,60.60000000000001,43.10000000000001
669,14.2,75.2,22.4,60.60000000000001,43.10000000000001
670,14.2,75.2,22.4,60.60000000000001,43.10000000000001
671,14.2,75.2,22.4,60.60000000000001,43.10000000000001
672,14.2,75.2,22.4,60.60000000000001,43.10000000000001
673,14.2,75.2,22.4,60.60000000000001,43.10000000000001
674,14.2,75.2,22.4,60.60000000000001,43.10000000000001
675,14.2,75.2,22.4,60.60000000000001,43.10000000000001
676,14.2,75.2,22.4,60.60000000000001,43.10000000000001
677,14.2,75.2,22.4,60.60000000000001,43.10000000000001
678,14.2,75.2,22.4,60.60000000000001,43.10000000000001
679,14.2,75.2,22.4,60.60000000000001,43.10000000000001
680,14.2,75.2,22.4,60.60000000000001,43.10000000000001
681,14.2,75.2,22.4,60.60000000000001,43.10000000000001
682,14.2,75.2,22.4,60.60000000000001,43.10000000000001
683,14.2,75.2,22.4,60.60000000000001,43.10000000000001
684,14.2,75.2,22.4,60.60000000000001,43.10000000000001
685,14.2,75.2,22.4,60.60000000000001,43.10000000000001
686,14.2,75.2,22.4,60.60000000000001,43.10000000000001
687,14.2,75.2,22.4,60.60000000000001,43.10000000000001
688,14.2,75.2,22.4,60.60000000000001,43.10000000000001
689,14.2,75.2,22.4,60.60000000000001,43.10000000000001
690,14.2,75.2,22.4,60.60000000000001,43.10000000000001
691,14.2,75.2,22.4,60.60000000000001,43.10000000000001
692,14.2,75.2,22.4,60.60000000000001,43.10000000000001
693,14.2,75.2,22.4,60.60000000000001,43.10000000000001
694,14.2,75.2,22.4,60.60000000000001,43.10000000000001
695,14.2,75.2,22.4,60.60000000000001,43.10000000000001
696,14.2,75.2,22.4,60.60000000000001,43.10000000000001
697,14.2,75.2,22.4,60.60000000000001,43.10000000000001
698,14.2,75.2,22.4,60.60000000000001,43.10000000000001
699,14.2,75.2,22.4,60.60000000000001,43.10000000000001
700,14.2,76.2,22.4,60.60000000000001,43.35000000000001
701,14.2,76.2,22.4,60.60000000000001,43.35000000000001
702,14.2,77.2,22.4,60.60000000000001,43.60000000000001
703,14.2,77.2,22.4,60.60000000000001,43.60000000000001
704,14.2,77.2,22.4,60.60000000000001,43.60000000000001
705,14.2,77.2,22.4,60.60000000000001,43.60000000000001
706,14.2,77.2,22.4,60.60000000000001,43.60000000000001
707,14.2,77.2,22.4,60.60000000000001,43.60000000000001
708,14.2,77.2,22.4,60.60000000000001,43.60000000000001
709,14.2,77.2,22.4,61.60000000000001,43.85000000000001
710,14.2,77.2,22.4,61.60000000000001,43.85000000000001
711,14.2,77.2,22.4,61.60000000000001,43.85000000000001
712,14.2,77.2,22.4,61.60000000000001,43.85000000000001
713,14.2,77.2,22.4,61.60000000000001,43.85000000000001
714,14.2,78.2,22.4,61.60000000000001,44.10000000000001
715,14.2,78.2,22.4,61.60000000000001,44.10000000000001
716,14.2,78.2,22.4,61.60000000000001,44.10000000000001
717,14.2,78.2,22.4,61.60000000000001,44.10000000000001
718,14.2,78.2,22.4,61.60000000000001,44.10000000000001
719,14.2,78.2,22.4,61.60000000000001,44.10000000000001
720,14.2,78.2,22.4,62.60000000000001,44.35000000000001
721,14.2,78.2,22.4,62.60000000000001,44.35000000000001
722,14.2,78.2,22.4,62.60000000000001,44.35000000000001
723,14.2,78.2,22.4,62.60000000000001,44.35000000000001
724,14.2,78.2,22.4,62.60000000000001,44.35000000000001
725,14.2,78.2,22.4,62.60000000000001,44.35000000000001
726,14.2,78.2,22.4,62.60000000000001,44.35000000000001
727,14.2,78.2,22.4,62.60000000000001,44.35000000000001
728,14.2,78.2,22.4,62.60000000000001,44.35000000000001
729,14.2,78.2,22.4,62.60000000000001,44.35000000000001
730,14.2,78.2,22.4,62.60000000000001,44.35000000000001
731,14.2,79.2,22.4,62.60000000000001,44.60000000000001
732,14.2,79.2,22.4,62.60000000000001,44.60000000000001
733,14.2,79.2,22.4,62.60000000000001,44.60000000000001
734,14.2,79.2,22.4,62.60000000000001,44.60000000000001
735,14.2,79.2,22.4,62.60000000000001,44.60000000000001
736,14.2,80.2,22.4,62.60000000000001,44.85000000000001
737,14.2,80.2,22.4,62.60000000000001,44.85000000000001
738,14.2,80.2,22.4,63.60000000000001,45.10000000000001
739,14.2,80.2,22.4,63.60000000000001,45.10000000000001
740,14.2,81.2,22.4,63.60000000000001,45.35000000000001
741,14.2,82.2,22.4,63.60000000000001,45.60000000000001
742,14.2,82.2,22.4,63.60000000000001,45.60000000000001
743,14.2,82.2,22.4,64.60000000000001,45.85000000000001
744,14.2,82.2,22.4,64.60000000000001,45.85000000000001
745,14.2,83.2,22.4,64.60000000000001,46.10000000000001
746,14.2,84.2,22.4,64.60000000000001,46.35000000000001
747,14.2,84.2,22.4,64.60000000000001,46.35000000000001
748,14.2,84.2,22.4,65.60000000000001,46.60000000000001
749,14.2,84.2,22.4,65.60000000000001,46.60000000000001
750,14.2,85.2,22.4,65.60000000000001,46.85000000000001
751,14.2,85.2,22.4,65.60000000000001,46.85000000000001
752,14.2,85.2,22.4,65.60000000000001,46.85000000000001
753,14.2,85.2,22.4,66.60000000000001,47.10000000000001
754,14.2,85.2,22.4,66.60000000000001,47.10000000000001
755,14.2,85.2,22.4,66.60000000000001,47.10000000000001
756,14.2,85.2,22.4,66.60000000000001,47.10000000000001
757,14.2,85.2,22.4,66.60000000000001,47.10000000000001
758,14.2,85.2,22.4,67.60000000000001,47.35000000000001
759,14.2,85.2,22.4,67.60000000000001,47.35000000000001
760,14.2,85.2,22.4,67.60000000000001,47.35000000000001
761,14.2,85.2,22.4,68.60000000000001,47.60000000000001
762,14.2,85.2,22.4,68.60000000000001,47.60000000000001
763,14.2,85.2,22.4,68.60000000000001,47.60000000000001
764,14.2,85.2,22.4,68.60000000000001,47.60000000000001
765,14.2,85.2,22.4,68.60000000000001,47.60000000000001
766,14.2,85.2,22.4,68.60000000000001,47.60000000000001
767,14.2,85.2,22.4,68.60000000000001,47.60000000000001
768,14.2,85.2,22.4,68.60000000000001,47.60000000000001
769,14.2,85.2,22.4,68.60000000000001,47.60000000000001
770,14.2,85.2,22.4,69.60000000000001,47.85000000000001
771,14.2,85.2,22.4,69.60000000000001,47.85000000000001
772,14.2,85.2,22.4,69.60000000000001,47.85000000000001
773,14.2,85.2,22.4,69.60000000000001,47.85000000000001
774,14.2,85.2,22.4,69.60000000000001,47.85000000000001
775,14.2,85.2,22.4,69.60000000000001,47.85000000000001
776,14.2,85.2,22.4,69.60000000000001,47.85000000000001
777,14.2,85.2,22.4,69.60000000000001,47.85000000000001
778,14.2,85.2,22.4,69.60000000000001,47.85000000000001
779,14.2,85.2,22.4,69.60000000000001,47.85000000000001
780,14.2,85.2,22.4,69.60000000000001,47.85000000000001
781,14.2,85.2,22.4,69.60000000000001,47.85000000000001
782,14.2,85.2,22.4,69.60000000000001,47.85000000000001
783,14.2,85.2,22.4,69.60000000000001,47.85000000000001
784,14.2,85.2,22.4,69.60000000000001,47.85000000000001
785,14.2,85.2,22.4,69.60000000000001,47.85000000000001
786,14.2,85.2,22.4,69.60000000000001,47.85000000000001
787,14.2,85.2,22.4,69.60000000000001,47.85000000000001
788,14.2,85.2,22.4,69.60000000000001,47.85000000000001
789,14.2,85.2,22.4,69.60000000000001,47.85000000000001
790,14.2,85.2,22.4,69.60000000000001,47.85000000000001
791,14.2,85.2,22.4,69.60000000000001,47.85000000000001
792,14.2,85.2,22.4,69.60000000000001,47.85000000000001
793,14.2,85.2,22.4,69.60000000000001,47.85000000000001
794,14.2,85.2,22.4,69.60000000000001,47.85000000000001
795,14.2,85.2,22.4,69.60000000000001,47.85000000000001
796,14.2,85.2,22.4,69.60000000000001,47.85000000000001
797,14.2,85.2,22.4,69.60000000000001,47.85000000000001
798,14.2,85.2,22.4,69.60000000000001,47.85000000000001
799,14.2,85.2,22.4,69.60000000000001,47.85000000000001
800,14.2,86.2,22.4,69.60000000000001,48.10000000000001
801,14.2,86.2,22.4,69.60000000000001,48.10000000000001
802,14.2,86.2,22.4,69.60000000000001,48.10000000000001
803,14.2,86.2,22.4,69.60000000000001,48.10000000000001
804,14.2,86.2,22.4,69.60000000000001,48.10000000000001
805,14.2,86.2,22.4,69.60000000000001,48.10000000000001
806,14.2,86.2,22.4,69.60000000000001,48.10000000000001
807,14.2,86.2,22.4,69.60000000000001,48.10000000000001
808,14.2,86.2,22.4,69.60000000000001,48.10000000000001
809,14.2,86.2,22.4,69.60000000000001,48.10000000000001
810,14.2,86.2,22.4,70.60000000000001,48.35000000000001
811,14.2,86.2,22.4,70.60000000000001,48.35000000000001
812,14.2,86.2,22.4,70.60000000000001,48.35000000000001
813,14.2,86.2,22.4,70.60000000000001,48.35000000000001
814,14.2,86.2,22.4,70.60000000000001,48.35000000000001
815,14.2,86.2,22.4,70.60000000000001,48.35000000000001
816,14.2,86.2,22.4,70.60000000000001,48.35000000000001
817,14.2,86.2,22.4,70.60000000000001,48.35000000000001
818,14.2,86.2,22.4,70.60000000000001,48.35000000000001
819,14.2,86.2,22.4,70.60000000000001,48.35000000000001
820,14.2,86.2,22.4,70.60000000000001,48.35000000000001
821,14.2,86.2,22.4,70.60000000000001,48.35000000000001
822,14.2,86.2,22.4,70.60000000000001,48.35000000000001
823,14.2,86.2,22.4,70.60000000000001,48.35000000000001
824,14.2,86.2,22.4,70.60000000000001,48.35000000000001
825,14.2,86.2,22.4,70.60000000000001,48.35000000000001
826,14.2,86.2,22.4,70.60000000000001,48.35000000000001
827,14.2,86.2,22.4,70.60000000000001,48.35000000000001
828,14.2,87.2,22.4,70.60000000000001,48.60000000000001
829,14.2,87.2,22.4,70.60000000000001,48.60000000000001
830,14.2,87.2,22.4,70.60000000000001,48.60000000000001
831,14.2,87.2,22.4,70.60000000000001,48.60000000000001
832,14.2,87.2,22.4,70.60000000000001,48.60000000000001
833,14.2,88.2,22.4,70.60000000000001,48.85000000000001
834,14.2,88.2,22.4,70.60000000000001,48.85000000000001
835,14.2,88.2,22.4,70.60000000000001,48.85000000000001
836,14.2,88.2,22.4,70.60000000000001,48.85000000000001
837,14.2,88.2,22.4,71.60000000000001,49.10000000000001
838,14.2,89.2,22.4,71.60000000000001,49.35000000000001
839,14.2,89.2,22.4,71.60000000000001,49.35000000000001
840,14.2,89.2,22.4,71.60000000000001,49.35000000000001
841,14.2,89.2,22.4,71.60000000000001,49.35000000000001
842,14.2,89.2,22.4,72.60000000000001,49.60000000000001
843,14.2,90.2,22.4,72.60000000000001,49.85000000000001
844,14.2,90.2,22.4,72.60000000000001,49.85000000000001
845,14.2,90.2,22.4,72.60000000000001,49.85000000000001
846,14.2,90.2,22.4,72.60000000000001,49.85000000000001
847,14.2,90.2,22.4,73.60000000000001,50.10000000000001
848,14.2,91.2,22.4,73.60000000000001,50.35000000000001
849,14.2,91.2,22.4,73.60000000000001,50.35000000000001
850,14.2,91.2,22.4,73.60000000000001,50.35000000000001
851,14.2,91.2,22.4,73.60000000000001,50.35000000000001
852,14.2,91.2,22.4,74.60000000000001,50.60000000000001
853,14.2,92.2,22.4,74.60000000000001,50.85000000000001
854,14.2,92.2,22.4,74.60000000000001,50.85000000000001
855,14.2,92.2,22.4,74.60000000000001,50.85000000000001
856,14.2,92.2,22.4,74.60000000000001,50.85000000000001
857,14.2,92.2,22.4,74.60000000000001,50.85000000000001
858,14.2,93.2,22.4,74.60000000000001,51.10000000000001
859,14.2,93.2,22.4,74.60000000000001,51.10000000000001
860,14.2,94.2,22.4,74.60000000000001,51.35000000000001
861,14.2,94.2,22.4,74.60000000000001,51.35000000000001
862,14.2,94.2,22.4,74.60000000000001,51.35000000000001
863,14.2,95.2,22.4,74.60000000000001,51.60000000000001
864,14.2,95.2,22.4,74.60000000000001,51.60000000000001
865,14.2,95.2,22.4,74.60000000000001,51.60000000000001
866,14.2,95.2,22.4,74.60000000000001,51.60000000000001
867,14.2,95.2,22.4,74.60000000000001,51.60000000000001
868,14.2,96.2,22.4,74.60000000000001,51.85000000000001
869,14.2,96.2,22.4,74.60000000000001,51.85000000000001
870,14.2,96.2,22.4,74.60000000000001,51.85000000000001
871,14.2,96.2,22.4,74.60000000000001,51.85000000000001
872,14.2,96.2,22.4,74.60000000000001,51.85000000000001
873,14.2,97.2,22.4,74.60000000000001,52.10000000000001
874,14.2,97.2,22.4,74.60000000000001,52.10000000000001
875,14.2,97.2,22.4,74.60000000000001,52.10000000000001
876,14.2,97.2,22.4,74.60000000000001,52.10000000000001
877,14.2,97.2,22.4,74.60000000000001,52.10000000000001
878,14.2,98.2,22.4,74.60000000000001,52.35000000000001
879,14.2,98.2,22.4,74.60000000000001,52.35000000000001
880,14.2,98.2,22.4,74.60000000000001,52.35000000000001
881,14.2,98.2,22.4,74.60000000000001,52.35000000000001
882,14.2,98.2,22.4,74.60000000000001,52.35000000000001
883,14.2,98.2,22.4,74.60000000000001,52.35000000000001
884,14.2,98.2,22.4,74.60000000000001,52.35000000000001
885,14.2,98.2,22.4,74.60000000000001,52.35000000000001
886,14.2,98.2,22.4,74.60000000000001,52.35000000000001
887,14.2,98.2,22.4,74.60000000000001,52.35000000000001
888,14.2,98.2,22.4,74.60000000000001,52.35000000000001
889,14.2,98.2,22.4,74.60000000000001,52.35000000000001
890,14.2,98.2,22.4,74.60000000000001,52.35000000000001
891,14.2,98.2,22.4,74.60000000000001,52.35000000000001
892,14.2,98.2,22.4,74.60000000000001,52.35000000000001
893,14.2,98.2,22.4,74.60000000000001,52.35000000000001
894,14.2,99.2,22.4,74.60000000000001,52.60000000000001
895,14.2,99.2,22.4,74.60000000000001,52.60000000000001
896,14.2,99.2,22.4,74.60000000000001,52.60000000000001
897,14.2,99.2,22.4,74.60000000000001,52.60000000000001
898,14.2,99.2,22.4,74.60000000000001,52.60000000000001
899,14.2,100.2,22.4,74.60000000000001,52.85000000000001
900,14.2,100.2,22.4,74.60000000000001,52.85000000000001
901,14.2,100.2,22.4,74.60000000000001,52.85000000000001
902,14.2,100.2,22.4,74.60000000000001,52.85000000000001
903,14.2,100.2,22.4,74.60000000000001,52.85000000000001
904,14.2,101.2,22.4,74.60000000000001,53.10000000000001
905,14.2,101.2,22.4,74.60000000000001,53.10000000000001
906,14.2,101.2,22.4,75.60000000000001,53.35000000000001
907,14.2,101.2,22.4,75.60000000000001,53.35000000000001
908,14.2,101.2,22.4,75.60000000000001,53.35000000000001
909,14.2,101.2,22.4,75.60000000000001,53.35000000000001
910,14.2,101.2,22.4,75.60000000000001,53.35000000000001
911,14.2,101.2,22.4,76.60000000000001,53.60000000000001
912,14.2,101.2,22.4,76.60000000000001,53.60000000000001
913,14.2,101.2,22.4,76.60000000000001,53.60000000000001
914,14.2,101.2,22.4,76.60000000000001,53.60000000000001
915,14.2,102.2,22.4,76.60000000000001,53.85000000000001
916,14.2,102.2,22.4,77.60000000000001,54.10000000000001
917,14.2,102.2,22.4,77.60000000000001,54.10000000000001
918,14.2,102.2,22.4,77.60000000000001,54.10000000000001
919,14.2,102.2,22.4,77.60000000000001,54.10000000000001
920,14.2,102.2,22.4,77.60000000000001,54.10000000000001
921,14.2,103.2,22.4,78.60000000000001,54.60000000000001
922,14.2,103.2,22.4,78.60000000000001,54.60000000000001
923,14.2,103.2,22.4,78.60000000000001,54.60000000000001
924,14.2,103.2,22.4,78.60000000000001,54.60000000000001
925,14.2,103.2,22.4,78.60000000000001,54.60000000000001
926,14.2,104.2,22.4,79.60000000000001,55.10000000000001
927,14.2,105.2,22.4,79.60000000000001,55.35000000000001
928,14.2,105.2,22.4,79.60000000000001,55.35000000000001
929,14.2,105.2,22.4,79.60000000000001,55.35000000000001
930,14.2,105.2,22.4,79.60000000000001,55.35000000000001
931,14.2,105.2,22.4,80.60000000000001,55.60000000000001
932,14.2,105.2,22.4,80.60000000000001,55.60000000000001
933,14.2,106.2,22.4,80.60000000000001,55.85000000000001
934,14.2,107.2,22.4,80.60000000000001,56.10000000000001
935,14.2,107.2,22.4,80.60000000000001,56.10000000000001
936,14.2,107.2,22.4,80.60000000000001,56.10000000000001
937,14.2,107.2,22.4,80.60000000000001,56.10000000000001
938,14.2,108.2,22.4,80.60000000000001,56.35000000000001
939,14.2,108.2,22.4,80.60000000000001,56.35000000000001
940,14.2,108.2,22.4,80.60000000000001,56.35000000000001
941,14.2,109.2,22.4,80.60000000000001,56.60000000000001
942,14.2,109.2,22.4,80.60000000000001,56.60000000000001
943,14.2,110.2,22.4,80.60000000000001,56.85000000000001
944,14.2,110.2,22.4,80.60000000000001,56.85000000000001
945,14.2,110.2,22.4,80.60000000000001,56.85000000000001
946,14.2,110.2,22.4,80.60000000000001,56.85000000000001
947,14.2,110.2,22.4,80.60000000000001,56.85000000000001
948,14.2,110.2,22.4,80.60000000000001,56.85000000000001
949,14.2,111.2,22.4,80.60000000000001,57.10000000000001
950,14.2,111.2,22.4,80.60000000000001,57.10000000000001
951,14.2,111.2,22.4,80.60000000000001,57.10000000000001
952,14.2,111.2,22.4,80.60000000000001,57.10000000000001
953,14.2,121.2,22.4,80.60000000000001,59.60000000000001
954,14.2,121.2,22.4,80.60000000000001,59.60000000000001
955,14.2,121.2,22.4,80.60000000000001,59.60000000000001
956,14.2,121.2,22.4,80.60000000000001,59.60000000000001
957,14.2,121.2,22.4,80.60000000000001,59.60000000000001
958,14.2,121.2,22.4,80.60000000000001,59.60000000000001
959,14.2,121.2,22.4,80.60000000000001,59.60000000000001
960,14.2,121.2,22.4,80.60000000000001,59.60000000000001
961,14.2,121.2,22.4,80.60000000000001,59.60000000000001
962,14.2,121.2,22.4,80.60000000000001,59.60000000000001
963,14.2,121.2,22.4,80.60000000000001,59.60000000000001
964,14.2,121.2,22.4,80.60000000000001,59.60000000000001
965,14.2,121.2,22.4,80.60000000000001,59.60000000000001
966,14.2,121.2,22.4,80.60000000000001,59.60000000000001
967,14.2,121.2,22.4,80.60000000000001,59.60000000000001
968,14.2,121.2,22.4,80.60000000000001,59.60000000000001
969,14.2,121.2,22.4,80.60000000000001,59.60000000000001
970,14.2,121.2,22.4,80.60000000000001,59.60000000000001
971,14.2,121.2,22.4,80.60000000000001,59.60000000000001
972,14.2,121.2,22.4,80.60000000000001,59.60000000000001
973,14.2,121.2,22.4,80.60000000000001,59.60000000000001
974,14.2,121.2,22.4,80.60000000000001,59.60000000000001
975,14.2,121.2,22.4,80.60000000000001,59.60000000000001
976,14.2,121.2,22.4,80.60000000000001,59.60000000000001
977,14.2,121.2,22.4,80.60000000000001,59.60000000000001
978,14.2,121.2,22.4,80.60000000000001,59.60000000000001
979,14.2,121.2,22.4,80.60000000000001,59.60000000000001
980,14.2,121.2,22.4,80.60000000000001,59.60000000000001
981,14.2,121.2,22.4,80.60000000000001,59.60000000000001
982,14.2,121.2,22.4,80.60000000000001,59.60000000000001
983,14.2,121.2,22.4,81.60000000000001,59.85000000000001
984,14.2,121.2,22.4,81.60000000000001,59.85000000000001
985,14.2,121.2,22.4,81.60000000000001,59.85000000000001
986,14.2,121.2,22.4,81.60000000000001,59.85000000000001
987,14.2,121.2,22.4,81.60000000000001,59.85000000000001
988,14.2,121.2,22.4,81.60000000000001,59.85000000000001
989,14.2,121.2,22.4,81.60000000000001,59.85000000000001
990,14.2,121.2,22.4,81.60000000000001,59.85000000000001
991,14.2,121.2,22.4,81.60000000000001,59.85000000000001
992,14.2,121.2,22.4,81.60000000000001,59.85000000000001
993,14.2,121.2,22.4,81.60000000000001,59.85000000000001
994,14.2,121.2,22.4,81.60000000000001,59.85000000000001
995,14.2,121.2,22.4,81.60000000000001,59.85000000000001
996,14.2,121.2,22.4,81.60000000000001,59.85000000000001
997,14.2,121.2,22.4,81.60000000000001,59.85000000000001
998,14.2,121.2,22.4,81.60000000000001,59.85000000000001
999,14.2,121.2,22.4,81.60000000000001,59.85000000000001
1000,14.2,121.2,22.4,81.60000000000001,59.85000000000001
1001,14.2,121.2,22.4,81.60000000000001,59.85000000000001
1002,14.2,121.2,22.4,81.60000000000001,59.85000000000001
1003,14.2,121.2,22.4,81.60000000000001,59.85000000000001
1004,14.2,121.2,22.4,81.60000000000001,59.85000000000001
1005,14.2,121.2,22.4,81.60000000000001,59.85000000000001
1006,14.2,121.2,22.4,81.60000000000001,59.85000000000001
1007,14.2,121.2,22.4,81.60000000000001,59.85000000000001
1008,14.2,121.2,22.4,81.60000000000001,59.85000000000001
1009,14.2,121.2,22.4,81.60000000000001,59.85000000000001
1010,14.2,121.2,22.4,81.60000000000001,59.85000000000001
1011,14.2,121.2,22.4,81.60000000000001,59.85000000000001
1012,14.2,121.2,22.4,81.60000000000001,59.85000000000001
1013,14.2,121.2,22.4,81.60000000000001,59.85000000000001
1014,14.2,121.2,22.4,81.60000000000001,59.85000000000001
1015,14.2,121.2,22.4,81.60000000000001,59.85000000000001
1016,14.2,121.2,22.4,81.60000000000001,59.85000000000001
1017,14.2,121.2,22.4,81.60000000000001,59.85000000000001
1018,14.2,121.2,22.4,81.60000000000001,59.85000000000001
1019,14.2,121.2,22.4,81.60000000000001,59.85000000000001
1020,14.2,121.2,22.4,81.60000000000001,59.85000000000001
1021,14.2,121.2,22.4,81.60000000000001,59.85000000000001
1022,14.2,121.2,22.4,81.60000000000001,59.85000000000001
1023,14.2,121.2,22.4,81.60000000000001,59.85000000000001
